<?xml version="1.0" encoding="UTF-8"?>

<!-- Copyright 2005 Sun Microsystems, Inc.  All rights reserved.  You may not modify, use, reproduce, or distribute this software except in compliance with the terms of the License at: 
 http://developer.sun.com/berkeley_license.html
 $Id: sun-web.xml,v 1.19 2005/05/31 21:36:28 sean_brydon Exp $ -->

<!DOCTYPE sun-web-app PUBLIC "-//Sun Microsystems, Inc.//DTD Application Server 8.1 Servlet 2.4//EN" "http://www.sun.com/software/appserver/dtds/sun-web-app_2_4-1.dtd">
<sun-web-app>
  <context-root>servlet-client</context-root>
  <session-config>
    <session-manager/>
  </session-config>
  <service-ref>
    <service-ref-name>service/StringPurchaseOrderService</service-ref-name>
    <port-info>
      <service-endpoint-interface>
         com.sun.j2ee.blueprints.docoriented.client.stringposervice.StringPurchaseOrderServiceSEI
      </service-endpoint-interface>
      <stub-property>
        <name>javax.xml.rpc.service.endpoint.address</name>
        <value>http://localhost:8080/webservice/StringPurchaseOrderService</value>
      </stub-property>
    </port-info>
  </service-ref>

  <service-ref>
    <service-ref-name>service/SchemaDefinedPurchaseOrderService</service-ref-name>
    <port-info>
      <service-endpoint-interface>
         com.sun.j2ee.blueprints.docoriented.client.objectposervice.SchemaDefinedPurchaseOrderServiceSEI
      </service-endpoint-interface>
      <stub-property>
        <name>javax.xml.rpc.service.endpoint.address</name>
        <value>http://localhost:8080/webservice/SchemaDefinedPurchaseOrderService</value>
      </stub-property>
    </port-info>
  </service-ref>

  <service-ref>
    <service-ref-name>service/AnyTypePurchaseOrderService</service-ref-name>
    <port-info>
      <service-endpoint-interface>
         com.sun.j2ee.blueprints.docoriented.client.anytypeposervice.AnyTypePurchaseOrderServiceSEI
      </service-endpoint-interface>
      <stub-property>
        <name>javax.xml.rpc.service.endpoint.address</name>
        <value>http://localhost:8080/webservice/AnyTypePurchaseOrderService</value>
      </stub-property>
    </port-info>
  </service-ref>

  <service-ref>
    <service-ref-name>service/AnyPurchaseOrderService</service-ref-name>
    <port-info>
      <service-endpoint-interface>
         com.sun.j2ee.blueprints.docoriented.client.anyposervice.AnyPurchaseOrderServiceSEI
      </service-endpoint-interface>
      <stub-property>
        <name>javax.xml.rpc.service.endpoint.address</name>
        <value>http://localhost:8080/anyposervice/webservice/AnyPurchaseOrderService</value>
      </stub-property>
    </port-info>
  </service-ref>

  <service-ref>
    <service-ref-name>service/AttachmentPurchaseOrderService</service-ref-name>
    <port-info>
      <service-endpoint-interface>
         com.sun.j2ee.blueprints.docoriented.client.attachmentposervice.AttachmentPurchaseOrderServiceSEI
      </service-endpoint-interface>
    <stub-property>
        <name>javax.xml.rpc.service.endpoint.address</name>
        <value>http://localhost:8080/webservice/AttachmentPurchaseOrderService</value>
    </stub-property>
    </port-info>
  </service-ref>

</sun-web-app>


