<?xml version="1.0" encoding="UTF-8"?>

<!-- Copyright 2004 Sun Microsystems, Inc.  All rights reserved.  You may not modify, use, reproduce, or distribute this software except in compliance with the terms of the License at: 
 http://developer.sun.com/berkeley_license.html
 $Id: ejb-jar.xml,v 1.2 2005/05/13 03:46:32 smitha Exp $ -->

<ejb-jar version="2.1" xmlns="http://java.sun.com/xml/ns/j2ee" xmlns:xsi="http://www.w3.org/2001/XMLSchema-instance" xsi:schemaLocation="http://java.sun.com/xml/ns/j2ee http://java.sun.com/xml/ns/j2ee/ejb-jar_2_1.xsd">
  <display-name>DocOrientedServiceJAR</display-name>
  <enterprise-beans>
    <session>
      <ejb-name>AttachmentPurchaseOrderServiceBean</ejb-name>
      <service-endpoint>com.sun.j2ee.blueprints.attachmentservice.AttachmentPurchaseOrderServiceSEI</service-endpoint>
      <ejb-class>com.sun.j2ee.blueprints.attachmentservice.AttachmentPurchaseOrderServiceBean</ejb-class>
      <session-type>Stateless</session-type>
      <transaction-type>Container</transaction-type>
   </session>   
  </enterprise-beans>
  
  <assembly-descriptor>  
    <container-transaction>
      <method>
        <ejb-name>AttachmentPurchaseOrderServiceBean</ejb-name>
        <method-intf>ServiceEndpoint</method-intf>
        <method-name>acceptPO</method-name>
      </method>
      <trans-attribute>Required</trans-attribute>
    </container-transaction>
  </assembly-descriptor>

</ejb-jar>
