<?xml version="1.0" encoding="UTF-8"?>
<!DOCTYPE sun-web-app PUBLIC '-//Sun Microsystems, Inc.//DTD Sun ONE Application Server 8.0 Servlet 2.4//EN' 'http://www.sun.com/software/sunone/appserver/dtds/sun-web-app_2_4-0.dtd'>

<sun-web-app>
  <context-root>/anyposervice</context-root>
  <servlet>
    <servlet-name>AnyPurchaseOrderServiceImpl</servlet-name>
    <webservice-endpoint>
      <port-component-name>AnyPurchaseOrderService</port-component-name>
      <endpoint-address-uri>/webservice/AnyPurchaseOrderService</endpoint-address-uri>
    </webservice-endpoint>
  </servlet>
    
</sun-web-app>
