<?xml version="1.0" encoding="UTF-8"?>

<!-- Copyright 2005 Sun Microsystems, Inc.  All rights reserved.  You may not modify, use, reproduce, or distribute this software except in compliance with the terms of the License at: 
 http://developer.sun.com/berkeley_license.html
 $Id: webservices.xml,v 1.3 2005/12/01 20:53:17 yutayoshida Exp $ -->

<webservices xmlns="http://java.sun.com/xml/ns/j2ee"
      xmlns:xsi="http://www.w3.org/2001/XMLSchema-instance"
      xsi:schemaLocation="http://java.sun.com/xml/ns/j2ee
        http://www.ibm.com/webservices/xsd/j2ee_web_services_1_1.xsd"
      version="1.1">

    <description>AnyPurchaseOrderService Web Service</description>
    <webservice-description>
        <webservice-description-name>AnyPurchaseOrderService</webservice-description-name>
        <wsdl-file>WEB-INF/wsdl/AnyPurchaseOrderService.wsdl</wsdl-file>
        <jaxrpc-mapping-file>WEB-INF/anypurchaseorderservice-mapping.xml</jaxrpc-mapping-file>
        <port-component>
            <description>port component description</description>
            <port-component-name>AnyPurchaseOrderService</port-component-name>
            <wsdl-port xmlns:anypons="urn:AnyPurchaseOrderService">anypons:AnyPurchaseOrderServiceSEIPort</wsdl-port>
            <service-endpoint-interface>com.sun.j2ee.blueprints.anyposervice.AnyPurchaseOrderServiceSEI</service-endpoint-interface>
            <service-impl-bean>
                <servlet-link>AnyPurchaseOrderServiceImpl</servlet-link>
            </service-impl-bean>
        </port-component>
    </webservice-description>
</webservices>

