<?xml version="1.0" encoding="UTF-8"?>

<!--This is a sample PurchaseOrder XML document that gets generated-->

<PurchaseOrder xmlns="http://java.sun.com/blueprints/ns/po" xmlns:xsi="http://www.w3.org/2001/XMLSchema-instance" xsi:schemaLocation="http://java.sun.com/blueprints/ns/po http://java.sun.com/blueprints/schemas/PurchaseOrder.xsd">
<poId>12345678</poId>
<createDate>2008-05-16</createDate>
<shipTo>
<street>abc st</street>
<city>abc city</city>
<state>CA</state>
<postalCode>99999</postalCode>
</shipTo>
<billTo>
<street>abc st</street>
<city>abc city</city>
<state>CA</state>
<postalCode>99999</postalCode>
</billTo>
<items>
<itemId>Glass Ceiling Fan</itemId>
<price>200.0</price>
<quantity>2</quantity>
</items>
<items>
<itemId>Stainless Steel Blender</itemId>
<price>75.0</price>
<quantity>1</quantity>
</items>
</PurchaseOrder> 



