<?xml version="1.0" encoding="UTF-8"?>

<!-- Copyright 2004 Sun Microsystems, Inc.  All rights reserved.  You may not modify, use, reproduce, or distribute this software except in compliance with the terms of the License at: 
 http://developer.sun.com/berkeley_license.html
 $Id: sun-ejb-jar.xml,v 1.5 2005/05/12 03:05:02 smitha Exp $ -->

<!DOCTYPE sun-ejb-jar PUBLIC "-//Sun Microsystems, Inc.//DTD Application Server 8.1 EJB 2.1//EN" "http://www.sun.com/software/appserver/dtds/sun-ejb-jar_2_1-1.dtd">
<sun-ejb-jar>
  <enterprise-beans>
    <name>DocOrientedServiceJAR</name>
    <ejb>
      <ejb-name>AnyTypePurchaseOrderServiceBean</ejb-name>
      <jndi-name>AnyTypePurchaseOrderServiceBean</jndi-name>
      <bean-pool>
        <steady-pool-size>0</steady-pool-size>
        <resize-quantity>60</resize-quantity>
        <max-pool-size>60</max-pool-size>
        <pool-idle-timeout-in-seconds>900</pool-idle-timeout-in-seconds>
      </bean-pool>
      <webservice-endpoint>
        <port-component-name>AnyTypePurchaseOrderService</port-component-name>
        <endpoint-address-uri>webservice/AnyTypePurchaseOrderService</endpoint-address-uri>
      </webservice-endpoint>
    </ejb>
  </enterprise-beans>
</sun-ejb-jar>